id;start_date;end_date;language
1;2024-04-05T13:24:07;2024-04-05T09:31:48;FRENCH
2;2024-04-05T09:14:07;2024-04-04T23:34:24;SPANISH
3;2024-04-05T13:06:33;2024-04-04T15:57:22;SPANISH
4;2024-04-04T18:05:32;2024-04-04T17:05:59;FRENCH
5;2024-04-05T08:13:39;2024-04-04T17:30:03;SPANISH
6;2024-04-04T18:15:16;2024-04-05T01:21:50;FRENCH
7;2024-04-05T06:14:28;2024-04-05T08:44:50;FRENCH
8;2024-04-05T09:53:38;2024-04-05T01:14:45;SPANISH
9;2024-04-05T08:44:32;2024-04-05T09:20:49;ENGLISH
10;2024-04-05T03:41:07;2024-04-05T00:13:11;FRENCH
